2501,T2501,,,
2502,T2502,,,
2503,T2503,,,
2504,T2504,,,
2505,T2505,,,
2506,T2506,,,
2507,T2507,,,
2508,T2508,,,
2509,T2509,,,
2510,T2510,,,
2511,T2511,,,
2512,T2512,,,
2513,T2513,,,
2514,T2514,,,
2515,T2515,,,
2516,T2516,,,
2517,T2517,,,
2518,T2518,,,
2519,T2519,,,
2520,T2520,,,
2521,T2521,,,
2522,T2522,,,
2523,T2523,,,
2524,T2524,,,
2525,T2525,,,
2526,T2526,,,
2527,T2527,,,
2528,T2528,,,
2529,T2529,,,
2530,T2530,,,
2531,T2531,,,
2532,T2532,,,
2533,T2533,,,
2534,T2534,,,
2535,T2535,,,
2536,T2536,,,
2537,T2537,,,
2538,T2538,,,
2539,T2539,,,
2540,T2540,,,
2541,T2541,,,
2542,T2542,,,
2543,T2543,,,
2544,T2544,,,
2545,T2545,,,
2546,T2546,,,
2547,T2547,,,
2548,T2548,,,
2549,T2549,,,
2550,T2550,,,
2551,T2551,,,
2552,T2552,,,
2553,T2553,,,
2554,T2554,,,
2555,T2555,,,
2556,T2556,,,
2557,T2557,,,
2558,T2558,,,
2559,T2559,,,
2560,T2560,,,
2561,T2561,,,
2562,T2562,,,
2563,T2563,,,
2564,T2564,,,
2565,T2565,,,
2566,T2566,,,
2567,T2567,,,
2568,T2568,,,
2569,T2569,,,
2570,T2570,,,
2571,T2571,,,
2572,T2572,,,
2573,T2573,,,
2574,T2574,,,
2575,T2575,,,
2576,T2576,,,
2577,T2577,,,
2578,T2578,,,
2579,T2579,,,
2580,T2580,,,
2581,T2581,,,
2582,T2582,,,
2583,T2583,,,
2584,T2584,,,
2585,T2585,,,
2586,T2586,,,
2587,T2587,,,
2588,T2588,,,
2589,T2589,,,
2590,T2590,,,
2591,T2591,,,
2592,T2592,,,
2593,T2593,,,
2594,T2594,,,
2595,T2595,,,
2596,T2596,,,
2597,T2597,,,
2598,T2598,,,
2599,T2599,,,
2600,T2600,,,
2601,T2601,,,
2602,T2602,,,
2603,T2603,,,
2604,T2604,,,
2605,T2605,,,
2606,T2606,,,
2607,T2607,,,
2608,T2608,,,
2609,T2609,,,
2610,T2610,,,
2611,T2611,,,
2612,T2612,,,
2613,T2613,,,
2614,T2614,,,
2615,T2615,,,
2616,T2616,,,
2617,T2617,,,
2618,T2618,,,
2619,T2619,,,
2620,T2620,,,
2621,T2621,,,
2622,T2622,,,
2623,T2623,,,
2624,T2624,,,
2625,T2625,,,
2626,T2626,,,
2627,T2627,,,
2628,T2628,,,
2629,T2629,,,
2630,T2630,,,
2631,T2631,,,
2632,T2632,,,
2633,T2633,,,
2634,T2634,,,
2635,T2635,,,
2636,T2636,,,
2637,T2637,,,
2638,T2638,,,
2639,T2639,,,
2640,T2640,,,
2641,T2641,,,
2642,T2642,,,
2643,T2643,,,
2644,T2644,,,
2645,T2645,,,
2646,T2646,,,
2647,T2647,,,
2648,T2648,,,
2649,T2649,,,
2650,T2650,,,
2651,T2651,,,
2652,T2652,,,
2653,T2653,,,
2654,T2654,,,
2655,T2655,,,
2656,T2656,,,
2657,T2657,,,
2658,T2658,,,
2659,T2659,,,
2660,T2660,,,
2661,T2661,,,
2662,T2662,,,
2663,T2663,,,
2664,T2664,,,
2665,T2665,,,
2666,T2666,,,
2667,T2667,,,
2668,T2668,,,
2669,T2669,,,
2670,T2670,,,
2671,T2671,,,
2672,T2672,,,
2673,T2673,,,
2674,T2674,,,
2675,T2675,,,
2676,T2676,,,
2677,T2677,,,
2678,T2678,,,
2679,T2679,,,
2680,T2680,,,
2681,T2681,,,
2682,T2682,,,
2683,T2683,,,
2684,T2684,,,
2685,T2685,,,
2686,T2686,,,
2687,T2687,,,
2688,T2688,,,
2689,T2689,,,
2690,T2690,,,
2691,T2691,,,
2692,T2692,,,
2693,T2693,,,
2694,T2694,,,
2695,T2695,,,
2696,T2696,,,
2697,T2697,,,
2698,T2698,,,
2699,T2699,,,
2700,T2700,,,
2701,T2701,,,
2702,T2702,,,
2703,T2703,,,
2704,T2704,,,
2705,T2705,,,
2706,T2706,,,
2707,T2707,,,
2708,T2708,,,
2709,T2709,,,
2710,T2710,,,
2711,T2711,,,
2712,T2712,,,
2713,T2713,,,
2714,T2714,,,
2715,T2715,,,
2716,T2716,,,
2717,T2717,,,
2718,T2718,,,
2719,T2719,,,
2720,T2720,,,
2721,T2721,,,
2722,T2722,,,
2723,T2723,,,
2724,T2724,,,
2725,T2725,,,
2726,T2726,,,
2727,T2727,,,
2728,T2728,,,
2729,T2729,,,
2730,T2730,,,
2731,T2731,,,
2732,T2732,,,
2733,T2733,,,
2734,T2734,,,
2735,T2735,,,
2736,T2736,,,
2737,T2737,,,
2738,T2738,,,
2739,T2739,,,
2740,T2740,,,
2741,T2741,,,
2742,T2742,,,
2743,T2743,,,
2744,T2744,,,
2745,T2745,,,
2746,T2746,,,
2747,T2747,,,
2748,T2748,,,
2749,T2749,,,
2750,T2750,,,
2751,T2751,,,
2752,T2752,,,
2753,T2753,,,
2754,T2754,,,
2755,T2755,,,
2756,T2756,,,
2757,T2757,,,
2758,T2758,,,
2759,T2759,,,
2760,T2760,,,
2761,T2761,,,
2762,T2762,,,
2763,T2763,,,
2764,T2764,,,
2765,T2765,,,
2766,T2766,,,
2767,T2767,,,
2768,T2768,,,
2769,T2769,,,
2770,T2770,,,
2771,T2771,,,
2772,T2772,,,
2773,T2773,,,
2774,T2774,,,
2775,T2775,,,
2776,T2776,,,
2777,T2777,,,
2778,T2778,,,
2779,T2779,,,
2780,T2780,,,
2781,T2781,,,
2782,T2782,,,
2783,T2783,,,
2784,T2784,,,
2785,T2785,,,
2786,T2786,,,
2787,T2787,,,
2788,T2788,,,
2789,T2789,,,
2790,T2790,,,
2791,T2791,,,
2792,T2792,,,
2793,T2793,,,
2794,T2794,,,
2795,T2795,,,
2796,T2796,,,
2797,T2797,,,
2798,T2798,,,
2799,T2799,,,
2800,T2800,,,
2801,T2801,,,
2802,T2802,,,
2803,T2803,,,
2804,T2804,,,
2805,T2805,,,
2806,T2806,,,
2807,T2807,,,
2808,T2808,,,
2809,T2809,,,
2810,T2810,,,
2811,T2811,,,
2812,T2812,,,
2813,T2813,,,
2814,T2814,,,
2815,T2815,,,
2816,T2816,,,
2817,T2817,,,
2818,T2818,,,
2819,T2819,,,
2820,T2820,,,
2821,T2821,,,
2822,T2822,,,
2823,T2823,,,
2824,T2824,,,
2825,T2825,,,
2826,T2826,,,
2827,T2827,,,
2828,T2828,,,
2829,T2829,,,
2830,T2830,,,
2831,T2831,,,
2832,T2832,,,
2833,T2833,,,
2834,T2834,,,
2835,T2835,,,
2836,T2836,,,
2837,T2837,,,
2838,T2838,,,
2839,T2839,,,
2840,T2840,,,
2841,T2841,,,
2842,T2842,,,
2843,T2843,,,
2844,T2844,,,
2845,T2845,,,
2846,T2846,,,
2847,T2847,,,
2848,T2848,,,
2849,T2849,,,
2850,T2850,,,
2851,T2851,,,
2852,T2852,,,
2853,T2853,,,
2854,T2854,,,
2855,T2855,,,
2856,T2856,,,
2857,T2857,,,
2858,T2858,,,
2859,T2859,,,
2860,T2860,,,
2861,T2861,,,
2862,T2862,,,
2863,T2863,,,
2864,T2864,,,
2865,T2865,,,
2866,T2866,,,
2867,T2867,,,
2868,T2868,,,
2869,T2869,,,
2870,T2870,,,
2871,T2871,,,
2872,T2872,,,
2873,T2873,,,
2874,T2874,,,
2875,T2875,,,
2876,T2876,,,
2877,T2877,,,
2878,T2878,,,
2879,T2879,,,
2880,T2880,,,
2881,T2881,,,
2882,T2882,,,
2883,T2883,,,
2884,T2884,,,
2885,T2885,,,
2886,T2886,,,
2887,T2887,,,
2888,T2888,,,
2889,T2889,,,
2890,T2890,,,
2891,T2891,,,
2892,T2892,,,
2893,T2893,,,
2894,T2894,,,
2895,T2895,,,
2896,T2896,,,
2897,T2897,,,
2898,T2898,,,
2899,T2899,,,
2900,T2900,,,
2901,T2901,,,
2902,T2902,,,
2903,T2903,,,
2904,T2904,,,
2905,T2905,,,
2906,T2906,,,
2907,T2907,,,
2908,T2908,,,
2909,T2909,,,
2910,T2910,,,
2911,T2911,,,
2912,T2912,,,
2913,T2913,,,
2914,T2914,,,
2915,T2915,,,
2916,T2916,,,
2917,T2917,,,
2918,T2918,,,
2919,T2919,,,
2920,T2920,,,
2921,T2921,,,
2922,T2922,,,
2923,T2923,,,
2924,T2924,,,
2925,T2925,,,
2926,T2926,,,
2927,T2927,,,
2928,T2928,,,
2929,T2929,,,
2930,T2930,,,
2931,T2931,,,
2932,T2932,,,
2933,T2933,,,
2934,T2934,,,
2935,T2935,,,
2936,T2936,,,
2937,T2937,,,
2938,T2938,,,
2939,T2939,,,
2940,T2940,,,
2941,T2941,,,
2942,T2942,,,
2943,T2943,,,
2944,T2944,,,
2945,T2945,,,
2946,T2946,,,
2947,T2947,,,
2948,T2948,,,
2949,T2949,,,
2950,T2950,,,
2951,T2951,,,
2952,T2952,,,
2953,T2953,,,
2954,T2954,,,
2955,T2955,,,
2956,T2956,,,
2957,T2957,,,
2958,T2958,,,
2959,T2959,,,
2960,T2960,,,
2961,T2961,,,
2962,T2962,,,
2963,T2963,,,
2964,T2964,,,
2965,T2965,,,
2966,T2966,,,
2967,T2967,,,
2968,T2968,,,
2969,T2969,,,
2970,T2970,,,
2971,T2971,,,
2972,T2972,,,
2973,T2973,,,
2974,T2974,,,
2975,T2975,,,
2976,T2976,,,
2977,T2977,,,
2978,T2978,,,
2979,T2979,,,
2980,T2980,,,
2981,T2981,,,
2982,T2982,,,
2983,T2983,,,
2984,T2984,,,
2985,T2985,,,
2986,T2986,,,
2987,T2987,,,
2988,T2988,,,
2989,T2989,,,
2990,T2990,,,
2991,T2991,,,
2992,T2992,,,
2993,T2993,,,
2994,T2994,,,
2995,T2995,,,
2996,T2996,,,
2997,T2997,,,
2998,T2998,,,
2999,T2999,,,
3000,T3000,,,
3001,T3001,,,
3002,T3002,,,
3003,T3003,,,
3004,T3004,,,
3005,T3005,,,
3006,T3006,,,
3007,T3007,,,
3008,T3008,,,
3009,T3009,,,
3010,T3010,,,
3011,T3011,,,
3012,T3012,,,
3013,T3013,,,
3014,T3014,,,
3015,T3015,,,
3016,T3016,,,
3017,T3017,,,
3018,T3018,,,
3019,T3019,,,
3020,T3020,,,
3021,T3021,,,
3022,T3022,,,
3023,T3023,,,
3024,T3024,,,
3025,T3025,,,
3026,T3026,,,
3027,T3027,,,
3028,T3028,,,
3029,T3029,,,
3030,T3030,,,
3031,T3031,,,
3032,T3032,,,
3033,T3033,,,
3034,T3034,,,
3035,T3035,,,
3036,T3036,,,
3037,T3037,,,
3038,T3038,,,
3039,T3039,,,
3040,T3040,,,
3041,T3041,,,
3042,T3042,,,
3043,T3043,,,
3044,T3044,,,
3045,T3045,,,
3046,T3046,,,
3047,T3047,,,
3048,T3048,,,
3049,T3049,,,
3050,T3050,,,
3051,T3051,,,
3052,T3052,,,
3053,T3053,,,
3054,T3054,,,
3055,T3055,,,
3056,T3056,,,
3057,T3057,,,
3058,T3058,,,
3059,T3059,,,
3060,T3060,,,
3061,T3061,,,
3062,T3062,,,
3063,T3063,,,
3064,T3064,,,
3065,T3065,,,
3066,T3066,,,
3067,T3067,,,
3068,T3068,,,
3069,T3069,,,
3070,T3070,,,
3071,T3071,,,
3072,T3072,,,
3073,T3073,,,
3074,T3074,,,
3075,T3075,,,
3076,T3076,,,
3077,T3077,,,
3078,T3078,,,
3079,T3079,,,
3080,T3080,,,
3081,T3081,,,
3082,T3082,,,
3083,T3083,,,
3084,T3084,,,
3085,T3085,,,
3086,T3086,,,
3087,T3087,,,
3088,T3088,,,
3089,T3089,,,
3090,T3090,,,
3091,T3091,,,
3092,T3092,,,
3093,T3093,,,
3094,T3094,,,
3095,T3095,,,
3096,T3096,,,
3097,T3097,,,
3098,T3098,,,
3099,T3099,,,
3100,T3100,,,
3101,T3101,,,
3102,T3102,,,
3103,T3103,,,
3104,T3104,,,
3105,T3105,,,
3106,T3106,,,
3107,T3107,,,
3108,T3108,,,
3109,T3109,,,
3110,T3110,,,
3111,T3111,,,
3112,T3112,,,
3113,T3113,,,
3114,T3114,,,
3115,T3115,,,
3116,T3116,,,
3117,T3117,,,
3118,T3118,,,
3119,T3119,,,
3120,T3120,,,
3121,T3121,,,
3122,T3122,,,
3123,T3123,,,
3124,T3124,,,
3125,T3125,,,
3126,T3126,,,
3127,T3127,,,
3128,T3128,,,
3129,T3129,,,
3130,T3130,,,
3131,T3131,,,
3132,T3132,,,
3133,T3133,,,
3134,T3134,,,
3135,T3135,,,
3136,T3136,,,
3137,T3137,,,
3138,T3138,,,
3139,T3139,,,
3140,T3140,,,
3141,T3141,,,
3142,T3142,,,
3143,T3143,,,
3144,T3144,,,
3145,T3145,,,
3146,T3146,,,
3147,T3147,,,
3148,T3148,,,
3149,T3149,,,
3150,T3150,,,
3151,T3151,,,
3152,T3152,,,
3153,T3153,,,
3154,T3154,,,
3155,T3155,,,
3156,T3156,,,
3157,T3157,,,
3158,T3158,,,
3159,T3159,,,
3160,T3160,,,
3161,T3161,,,
3162,T3162,,,
3163,T3163,,,
3164,T3164,,,
3165,T3165,,,
3166,T3166,,,
3167,T3167,,,
3168,T3168,,,
3169,T3169,,,
3170,T3170,,,
3171,T3171,,,
3172,T3172,,,
3173,T3173,,,
3174,T3174,,,
3175,T3175,,,
3176,T3176,,,
3177,T3177,,,
3178,T3178,,,
3179,T3179,,,
3180,T3180,,,
3181,T3181,,,
3182,T3182,,,
3183,T3183,,,
3184,T3184,,,
3185,T3185,,,
3186,T3186,,,
3187,T3187,,,
3188,T3188,,,
3189,T3189,,,
3190,T3190,,,
3191,T3191,,,
3192,T3192,,,
3193,T3193,,,
3194,T3194,,,
3195,T3195,,,
3196,T3196,,,
3197,T3197,,,
3198,T3198,,,
3199,T3199,,,
3200,T3200,,,
3201,T3201,,,
3202,T3202,,,
3203,T3203,,,
3204,T3204,,,
3205,T3205,,,
3206,T3206,,,
3207,T3207,,,
3208,T3208,,,
3209,T3209,,,
3210,T3210,,,
3211,T3211,,,
3212,T3212,,,
3213,T3213,,,
3214,T3214,,,
3215,T3215,,,
3216,T3216,,,
3217,T3217,,,
3218,T3218,,,
3219,T3219,,,
3220,T3220,,,
3221,T3221,,,
3222,T3222,,,
3223,T3223,,,
3224,T3224,,,
3225,T3225,,,
3226,T3226,,,
3227,T3227,,,
3228,T3228,,,
3229,T3229,,,
3230,T3230,,,
3231,T3231,,,
3232,T3232,,,
3233,T3233,,,
3234,T3234,,,
3235,T3235,,,
3236,T3236,,,
3237,T3237,,,
3238,T3238,,,
3239,T3239,,,
3240,T3240,,,
3241,T3241,,,
3242,T3242,,,
3243,T3243,,,
3244,T3244,,,
3245,T3245,,,
3246,T3246,,,
3247,T3247,,,
3248,T3248,,,
3249,T3249,,,
3250,T3250,,,
3251,T3251,,,
3252,T3252,,,
3253,T3253,,,
3254,T3254,,,
3255,T3255,,,
3256,T3256,,,
3257,T3257,,,
3258,T3258,,,
3259,T3259,,,
3260,T3260,,,
3261,T3261,,,
3262,T3262,,,
3263,T3263,,,
3264,T3264,,,
3265,T3265,,,
3266,T3266,,,
3267,T3267,,,
3268,T3268,,,
3269,T3269,,,
3270,T3270,,,
3271,T3271,,,
3272,T3272,,,
3273,T3273,,,
3274,T3274,,,
3275,T3275,,,
3276,T3276,,,
3277,T3277,,,
3278,T3278,,,
3279,T3279,,,
3280,T3280,,,
3281,T3281,,,
3282,T3282,,,
3283,T3283,,,
3284,T3284,,,
3285,T3285,,,
3286,T3286,,,
3287,T3287,,,
3288,T3288,,,
3289,T3289,,,
3290,T3290,,,
3291,T3291,,,
3292,T3292,,,
3293,T3293,,,
3294,T3294,,,
3295,T3295,,,
3296,T3296,,,
3297,T3297,,,
3298,T3298,,,
3299,T3299,,,
3300,T3300,,,
3301,T3301,,,
3302,T3302,,,
3303,T3303,,,
3304,T3304,,,
3305,T3305,,,
3306,T3306,,,
3307,T3307,,,
3308,T3308,,,
3309,T3309,,,
3310,T3310,,,
3311,T3311,,,
3312,T3312,,,
3313,T3313,,,
3314,T3314,,,
3315,T3315,,,
3316,T3316,,,
3317,T3317,,,
3318,T3318,,,
3319,T3319,,,
3320,T3320,,,
3321,T3321,,,
3322,T3322,,,
3323,T3323,,,
3324,T3324,,,
3325,T3325,,,
3326,T3326,,,
3327,T3327,,,
3328,T3328,,,
3329,T3329,,,
3330,T3330,,,
3331,T3331,,,
3332,T3332,,,
3333,T3333,,,
3334,T3334,,,
3335,T3335,,,
3336,T3336,,,
3337,T3337,,,
3338,T3338,,,
3339,T3339,,,
3340,T3340,,,
3341,T3341,,,
3342,T3342,,,
3343,T3343,,,
3344,T3344,,,
3345,T3345,,,
3346,T3346,,,
3347,T3347,,,
3348,T3348,,,
3349,T3349,,,
3350,T3350,,,
3351,T3351,,,
3352,T3352,,,
3353,T3353,,,
3354,T3354,,,
3355,T3355,,,
3356,T3356,,,
3357,T3357,,,
3358,T3358,,,
3359,T3359,,,
3360,T3360,,,
3361,T3361,,,
3362,T3362,,,
3363,T3363,,,
3364,T3364,,,
3365,T3365,,,
3366,T3366,,,
3367,T3367,,,
3368,T3368,,,
3369,T3369,,,
3370,T3370,,,
3371,T3371,,,
3372,T3372,,,
3373,T3373,,,
3374,T3374,,,
3375,T3375,,,
3376,T3376,,,
3377,T3377,,,
3378,T3378,,,
3379,T3379,,,
3380,T3380,,,
3381,T3381,,,
3382,T3382,,,
3383,T3383,,,
3384,T3384,,,
3385,T3385,,,
3386,T3386,,,
3387,T3387,,,
3388,T3388,,,
3389,T3389,,,
3390,T3390,,,
3391,T3391,,,
3392,T3392,,,
3393,T3393,,,
3394,T3394,,,
3395,T3395,,,
3396,T3396,,,
3397,T3397,,,
3398,T3398,,,
3399,T3399,,,
3400,T3400,,,
3401,T3401,,,
3402,T3402,,,
3403,T3403,,,
3404,T3404,,,
3405,T3405,,,
3406,T3406,,,
3407,T3407,,,
3408,T3408,,,
3409,T3409,,,
3410,T3410,,,
3411,T3411,,,
3412,T3412,,,
3413,T3413,,,
3414,T3414,,,
3415,T3415,,,
3416,T3416,,,
3417,T3417,,,
3418,T3418,,,
3419,T3419,,,
3420,T3420,,,
3421,T3421,,,
3422,T3422,,,
3423,T3423,,,
3424,T3424,,,
3425,T3425,,,
3426,T3426,,,
3427,T3427,,,
3428,T3428,,,
3429,T3429,,,
3430,T3430,,,
3431,T3431,,,
3432,T3432,,,
3433,T3433,,,
3434,T3434,,,
3435,T3435,,,
3436,T3436,,,
3437,T3437,,,
3438,T3438,,,
3439,T3439,,,
3440,T3440,,,
3441,T3441,,,
3442,T3442,,,
3443,T3443,,,
3444,T3444,,,
3445,T3445,,,
3446,T3446,,,
3447,T3447,,,
3448,T3448,,,
3449,T3449,,,
3450,T3450,,,
3451,T3451,,,
3452,T3452,,,
3453,T3453,,,
3454,T3454,,,
3455,T3455,,,
3456,T3456,,,
3457,T3457,,,
3458,T3458,,,
3459,T3459,,,
3460,T3460,,,
3461,T3461,,,
3462,T3462,,,
3463,T3463,,,
3464,T3464,,,
3465,T3465,,,
3466,T3466,,,
3467,T3467,,,
3468,T3468,,,
3469,T3469,,,
3470,T3470,,,
3471,T3471,,,
3472,T3472,,,
3473,T3473,,,
3474,T3474,,,
3475,T3475,,,
3476,T3476,,,
3477,T3477,,,
3478,T3478,,,
3479,T3479,,,
3480,T3480,,,
3481,T3481,,,
3482,T3482,,,
3483,T3483,,,
3484,T3484,,,
3485,T3485,,,
3486,T3486,,,
3487,T3487,,,
3488,T3488,,,
3489,T3489,,,
3490,T3490,,,
3491,T3491,,,
3492,T3492,,,
3493,T3493,,,
3494,T3494,,,
3495,T3495,,,
3496,T3496,,,
3497,T3497,,,
3498,T3498,,,
3499,T3499,,,
3500,T3500,,,